id;nome_documento;cod_documento;is_active
1;non-volatile;indigo;true
2;Buckinghamshire Shoals hacking;Borders Branding evolve;false
3;Rupiah alliance sky blue;Optimized monitoring;true
4;Borders Texas;Upgradable Auto Loan Account cutting-edge;true
5;transmitting PCI solid state;olive;false
6;maroon Rustic;Graphic Interface navigating;true
7;Soft tan Chips;pixel;true
8;Keyboard client-driven;Connecticut Senior Avon;true
9;Chips Principal circuit;Applications withdrawal access;true
10;purple;payment web-enabled Glen;false
